as_of,county,people,no_new_sentence
2026-07-31,Adams,75,34
2026-07-31,Ashland,70,28
2026-07-31,Barron,138,35
2026-07-31,Bayfield,63,17
2026-07-31,Brown,1381,543
2026-07-31,Buffalo,23,
2026-07-31,Burnett,65,17
2026-07-31,Calumet,154,40
2026-07-31,Chippewa,160,53
2026-07-31,Clark,74,20
2026-07-31,Columbia,233,76
2026-07-31,Crawford,38,13
2026-07-31,Dane,1116,314
2026-07-31,Dodge,246,87
2026-07-31,Door,78,27
2026-07-31,Douglas,195,31
2026-07-31,Dunn,137,27
2026-07-31,Eau Claire,315,135
2026-07-31,Florence,14,
2026-07-31,Fond du Lac,574,206
2026-07-31,Forest,83,24
2026-07-31,Grant,96,27
2026-07-31,Green,60,20
2026-07-31,Green Lake,68,21
2026-07-31,Iowa,38,16
2026-07-31,Iron,17,
2026-07-31,Jackson,88,32
2026-07-31,Jefferson,218,64
2026-07-31,Juneau,122,35
2026-07-31,Kenosha,1087,376
2026-07-31,Kewaunee,34,11
2026-07-31,La Crosse,204,64
2026-07-31,Lafayette,58,10
2026-07-31,Langlade,86,31
2026-07-31,Lincoln,92,32
2026-07-31,Manitowoc,255,100
2026-07-31,Marathon,446,181
2026-07-31,Marinette,286,121
2026-07-31,Marquette,45,14
2026-07-31,Menominee,,
2026-07-31,Milwaukee,7371,2475
2026-07-31,Monroe,151,46
2026-07-31,Oconto,123,36
2026-07-31,Oneida,108,26
2026-07-31,Outagamie,554,195
2026-07-31,Ozaukee,260,78
2026-07-31,Pepin,12,
2026-07-31,Pierce,56,
2026-07-31,Polk,110,30
2026-07-31,Portage,206,62
2026-07-31,Price,40,16
2026-07-31,Racine,1198,402
2026-07-31,Richland,39,18
2026-07-31,Rock,692,256
2026-07-31,Rusk,47,16
2026-07-31,Sauk,218,63
2026-07-31,Sawyer,91,26
2026-07-31,Shawano,165,65
2026-07-31,Sheboygan,528,182
2026-07-31,St. Croix,164,21
2026-07-31,Taylor,32,
2026-07-31,Trempealeau,48,14
2026-07-31,Vernon,25,
2026-07-31,Vilas,69,19
2026-07-31,Walworth,406,117
2026-07-31,Washburn,41,13
2026-07-31,Washington,390,136
2026-07-31,Waukesha,1019,319
2026-07-31,Waupaca,140,49
2026-07-31,Waushara,100,38
2026-07-31,Winnebago,469,155
2026-07-31,Wood,269,100
